player	player_id	insta_follows	insta_posts	transfermarkt	footballtransfer	age	height	nationality	current_team	month	total_mentions	pos_mentions	neg_mentions	total_X	pos_X	neg_X	total_news	pos_news	neg_news	total_reddit	pos_reddit	neg_reddit	yellow_card	red_card	team_goals	opponent_goals	n_matches	goals_per_match	assists_per_match	shots_per_match	aerials_won_per_match	pass_success_avg	rating_avg	match_points	mins_played_avg	total_mentions_lag1	date
samu aghehowa	497564.0	183000.0	41.0	50000000.0	21680000.0	21.0	193.0	Spain	FC Porto	2024-12	1215.0	530.0	3.0	1060.0	524.0	0.0	121.0	5.0	3.0	3.0	0.0	0.0	1.0	0.0	14.0	1.0	6.0	1.0	0.333	2.833	1.333	79.35	7.56	16.0	90.0	9.0	2024-12-01
julián alvarez	365409.0	17700000.0	549.0	80000000.0	79260000.0	25.0	170.0	Argentina	Atletico Madrid	2024-12	12299.0	1281.0	996.0	9279.0	1035.0	501.0	2162.0	114.0	375.0	111.0	12.0	16.0	1.0	0.0	10.0	5.0	4.0	0.25	0.0	1.75	0.75	73.375	6.82	12.0	82.0	9510.0	2024-12-01
Mohamed Amoura	431045.0	570000.0	105.0	22000000.0	10040000.0	25.0	170.0	Algeria	Wolfsburg	2024-12	368.0	200.0	2.0	259.0	184.0	0.0	87.0	13.0	2.0	2.0	0.0	0.0	0.0	0.0	7.0	9.0	3.0	0.333	0.333	2.333	1.333	72.633	6.97	3.0	81.333	294.0	2024-12-01
Taiwo Awoniyi	281049.0	363000.0	87.0	22000000.0	7410000.0	27.0	183.0	Nigeria	Nottingham Forest	2024-12	1497.0	194.0	30.0	1094.0	160.0	9.0	330.0	26.0	18.0	13.0	0.0	0.0	0.0	0.0	8.0	5.0	5.0	0.0	0.0	0.4	0.2	36.0	6.032	12.0	9.4	1688.0	2024-12-01
Folarin Balogun	384065.0	335000.0	7.0	25000000.0	18218194.0	23.0	178.0	USA	Monaco	2024-12	829.0	46.0	79.0	224.0	13.0	2.0	530.0	29.0	73.0	13.0	1.0	1.0	0.0	0.0	1.0	2.0	1.0	0.0	0.0	1.0	0.0	50.0	6.14	0.0	68.0	1285.0	2024-12-01
Maximilian Beier	387125.0	134000.0	84.0	30000000.0	28320000.0	22.0	183.0	Germany	Borussia Dortmund	2024-12	267.0	39.0	9.0	37.0	8.0	2.0	187.0	25.0	4.0	5.0	2.0	0.0	0.0	0.0	5.0	3.0	3.0	0.333	0.333	1.333	0.0	78.333	6.757	5.0	59.667	613.0	2024-12-01
Ange-Yoan Bonny	447489.0	20800.0	28.0	20000000.0	11983481.0	21.0	189.0	France	Parma Calcio 1913	2024-12	326.0	34.0	5.0	33.0	13.0	0.0	280.0	20.0	3.0	2.0	0.0	0.0	2.0	0.0	8.0	13.0	5.0	0.0	0.0	1.4	0.8	73.24	6.28	6.0	62.2	267.0	2024-12-01
Brian Brobbey	404568.0	298000.0	62.0	30000000.0	16080000.0	23.0	180.0	Netherlands	Ajax	2024-12	623.0	122.0	22.0	283.0	64.0	10.0	282.0	45.0	10.0	5.0	0.0	0.0	1.0	0.0	9.0	7.0	5.0	0.0	0.2	1.0	2.4	63.58	6.382	7.0	32.6	283.0	2024-12-01
Jonathan Burkardt	363037.0	21600.0	1.0	25000000.0	16187425.0	24.0	181.0	Germany	Mainz 05	2024-12	485.0	46.0	31.0	74.0	31.0	0.0	397.0	12.0	31.0	2.0	0.0	0.0	0.0	0.0	7.0	5.0	3.0	1.0	0.333	3.0	1.0	47.367	7.31	6.0	65.0	310.0	2024-12-01
Dominic Calvert-Lewin	141469.0	489000.0	85.0	22000000.0	12330685.0	28.0	187.0	England	Everton	2024-12	3364.0	84.0	512.0	1086.0	7.0	60.0	2051.0	54.0	424.0	20.0	2.0	2.0	0.0	0.0	5.0	7.0	6.0	0.0	0.0	1.0	2.667	73.217	6.403	6.0	56.167	2710.0	2024-12-01
Valentín Castellanos	361406.0	344000.0	544.0	20000000.0	16810000.0	26.0	178.0	Argentina	Lazio	2024-12	167.0	11.0	5.0	45.0	2.0	0.0	98.0	8.0	5.0	3.0	1.0	0.0	2.0	0.0	8.0	6.0	5.0	0.4	0.0	3.8	2.8	68.44	7.028	10.0	85.2	242.0	2024-12-01
Santiago Castro	421081.0	104000.0	261.0	25000000.0	18075071.0	20.0	180.0	Argentina	Bologna	2024-12	514.0	105.0	23.0	259.0	88.0	6.0	218.0	8.0	16.0	4.0	0.0	0.0	2.0	0.0	7.0	5.0	4.0	0.0	0.5	1.75	1.0	77.325	6.65	7.0	82.5	263.0	2024-12-01
Matheus Cunha	362758.0	1100000.0	679.0	50000000.0	25340000.0	25.0	183.0	Brazil	Wolves	2024-12	15048.0	2045.0	589.0	12049.0	1517.0	333.0	2662.0	467.0	228.0	52.0	9.0	4.0	1.0	0.0	9.0	10.0	6.0	0.5	0.167	2.833	0.667	74.15	7.617	7.0	82.667	3094.0	2024-12-01
Jonathan David	383855.0	328000.0	350.0	45000000.0	35750000.0	25.0	175.0	Canada	Lille	2024-12	15782.0	3738.0	385.0	12574.0	3386.0	153.0	2309.0	235.0	139.0	231.0	10.0	19.0	0.0	0.0	9.0	6.0	4.0	1.0	0.5	2.75	0.5	85.875	7.518	8.0	90.0	15389.0	2024-12-01
Liam Delap	401254.0	235000.0	87.0	25000000.0	33000000.0	22.0	186.0	England	Ipswich	2024-12	16580.0	2027.0	1031.0	11969.0	1474.0	540.0	4004.0	472.0	400.0	164.0	17.0	19.0	3.0	0.0	5.0	5.0	5.0	0.2	0.2	2.4	3.6	52.52	6.85	6.0	82.8	3870.0	2024-12-01
Ermedin Demirovic	351339.0	98800.0	120.0	28000000.0	23328411.0	27.0	185.0	Bosnia-Herzegovina	VfB Stuttgart	2024-12	618.0	63.0	40.0	79.0	29.0	7.0	505.0	33.0	32.0	10.0	0.0	0.0	1.0	0.0	11.0	5.0	4.0	0.0	0.0	3.25	1.75	71.05	6.388	9.0	88.0	403.0	2024-12-01
Artem Dovbyk	296975.0	364000.0	210.0	30000000.0	31480875.0	27.0	189.0	Ukraine	Roma	2024-12	1244.0	29.0	236.0	268.0	10.0	10.0	859.0	16.0	220.0	8.0	0.0	1.0	0.0	0.0	9.0	5.0	5.0	0.2	0.4	2.2	1.2	66.42	6.842	7.0	65.6	7984.0	2024-12-01
Jhon Durán	433517.0	4700.0	14.0	40000000.0	36600000.0	21.0	185.0	Colombia	Al Nassr FC	2024-12	4566.0	608.0	747.0	2619.0	412.0	81.0	1704.0	168.0	631.0	44.0	4.0	3.0	2.0	1.0	10.0	12.0	7.0	0.571	0.0	2.571	0.571	72.114	6.721	12.0	48.286	20417.0	2024-12-01
Hugo Ekitiké	403784.0	593000.0	28.0	40000000.0	18610000.0	22.0	190.0	France	Eintracht Frankfurt	2024-12	735.0	220.0	12.0	296.0	134.0	2.0	388.0	75.0	9.0	9.0	0.0	1.0	1.0	0.0	10.0	10.0	5.0	0.4	0.2	2.2	1.4	76.42	7.15	4.0	66.6	1604.0	2024-12-01
Emanuel Emegha	400163.0	69200.0	48.0	15000000.0	18400000.0	22.0	195.0	Netherlands	Strasbourg	2024-12	61.0	1.0	2.0	43.0	1.0	0.0	14.0	0.0	1.0	1.0	0.0	1.0	0.0	0.0	3.0	0.0	2.0	0.0	0.0	0.5	1.5	63.5	6.28	4.0	72.5	750.0	2024-12-01
Youssef En-Nesyri	323547.0	2600000.0	408.0	22000000.0	16570000.0	27.0	188.0	Morocco	Fenerbahce	2024-12	520.0	36.0	15.0	300.0	13.0	1.0	170.0	16.0	14.0	5.0	1.0	0.0	1.0	0.0	7.0	6.0	5.0	0.6	0.2	2.0	3.2	68.34	7.066	7.0	59.2	2582.0	2024-12-01
Sebastiano Esposito	371397.0	410000.0	340.0	7000000.0	5088345.0	22.0	186.0	Italy	Empoli	2024-12	569.0	14.0	0.0	191.0	8.0	0.0	349.0	1.0	0.0	3.0	1.0	0.0	0.0	0.0	7.0	7.0	4.0	1.0	0.0	3.25	1.5	62.075	7.392	3.0	83.25	110.0	2024-12-01
Evanilson	384430.0	804000.0	344.0	35000000.0	28898363.0	25.0	183.0	Brazil	Bournemouth	2024-12	11927.0	2071.0	948.0	7956.0	1327.0	469.0	2263.0	537.0	253.0	1073.0	106.0	138.0	0.0	0.0	9.0	4.0	6.0	0.167	0.0	2.333	1.0	73.033	6.563	12.0	70.0	15204.0	2024-12-01
Evan Ferguson	423720.0	240000.0	96.0	40000000.0	41301249.0	20.0	183.0	Ireland	West Ham	2024-12	7012.0	535.0	611.0	4299.0	331.0	228.0	2217.0	142.0	314.0	141.0	17.0	17.0	0.0	0.0	5.0	9.0	4.0	0.0	0.0	1.0	0.25	91.65	6.17	2.0	25.75	4769.0	2024-12-01
Santiago Giménez	445061.0	2000000.0	503.0	37000000.0	25820000.0	24.0	182.0	Mexico	AC Milan	2024-12	3120.0	104.0	221.0	1470.0	73.0	9.0	1538.0	23.0	199.0	15.0	1.0	1.0	1.0	0.0	12.0	9.0	4.0	1.0	0.25	3.25	0.5	69.775	7.815	9.0	71.75	1011.0	2024-12-01
Amine Gouiri	348654.0	525000.0	166.0	20000000.0	21050000.0	25.0	180.0	France	Marseille	2024-12	808.0	61.0	32.0	550.0	24.0	1.0	227.0	34.0	28.0	2.0	0.0	0.0	0.0	0.0	2.0	1.0	2.0	0.0	0.0	1.0	0.0	82.85	6.135	3.0	30.5	705.0	2024-12-01
Antoine Griezmann	80241.0	40600000.0	1278.0	22000000.0	30910000.0	34.0	176.0	France	Atletico Madrid	2024-12	5642.0	772.0	145.0	3970.0	573.0	50.0	1479.0	160.0	84.0	20.0	3.0	1.0	1.0	0.0	10.0	5.0	4.0	1.0	0.0	1.75	0.5	84.125	7.625	12.0	74.75	11551.0	2024-12-01
Evann Guessand	382587.0	50200.0	54.0	20000000.0	14481790.0	23.0	185.0	France	Nice	2024-12	82.0	14.0	6.0	22.0	2.0	0.0	51.0	11.0	5.0	2.0	0.0	1.0	1.0	0.0	6.0	9.0	4.0	0.25	0.25	2.5	1.75	84.775	6.96	4.0	90.0	226.0	2024-12-01
Luis Guilherme	478319.0	341000.0	115.0	22000000.0	2710000.0	19.0	178.0	Brazil	West Ham	2024-12	0.0	0.0	0.0	0.0	0.0	0.0	0.0	0.0	0.0	0.0	0.0	0.0	0.0	0.0	0.0	5.0	1.0	0.0	0.0	1.0	0.0	100.0	5.92	0.0	9.0	0.0	2024-12-01
Serhou Guirassy	236506.0	459000.0	109.0	40000000.0	26521901.0	29.0	187.0	Guinea	Borussia Dortmund	2024-12	5179.0	534.0	169.0	3623.0	332.0	97.0	1377.0	170.0	59.0	3.0	0.0	0.0	0.0	0.0	7.0	6.0	4.0	0.5	0.0	2.75	4.25	70.025	7.01	5.0	90.0	13002.0	2024-12-01
Viktor Gyökeres	362815.0	2500000.0	154.0	75000000.0	55650000.0	26.0	187.0	Sweden	Sporting CP	2024-12	104642.0	14811.0	1082.0	95298.0	13825.0	508.0	7518.0	736.0	425.0	139.0	8.0	7.0	1.0	0.0	6.0	6.0	5.0	0.4	0.2	3.8	2.8	67.08	7.546	7.0	90.0	83140.0	2024-12-01
Erling Haaland	315227.0	37900000.0	760.0	200000000.0	149800000.0	24.0	194.0	Norway	Manchester City	2024-12	112973.0	15432.0	6981.0	96180.0	13556.0	4094.0	14439.0	1501.0	2640.0	286.0	22.0	29.0	0.0	0.0	10.0	11.0	8.0	0.25	0.125	2.375	1.5	66.1	6.814	8.0	90.0	154607.0	2024-12-01
Kai Havertz	326413.0	6200000.0	529.0	75000000.0	96790000.0	25.0	193.0	Germany	Arsenal	2024-12	70440.0	9776.0	7976.0	62454.0	9125.0	6761.0	6657.0	461.0	937.0	212.0	12.0	58.0	1.0	0.0	12.0	2.0	6.0	0.5	0.167	1.667	2.167	86.617	7.025	14.0	69.833	56702.0	2024-12-01
Rasmus Højlund	439584.0	2500000.0	153.0	60000000.0	56665461.0	22.0	191.0	Denmark	Manchester United	2024-12	43752.0	8909.0	1992.0	35990.0	8120.0	839.0	6912.0	641.0	1059.0	61.0	2.0	6.0	1.0	0.0	9.0	18.0	8.0	0.375	0.0	1.25	1.25	73.838	6.37	6.0	67.75	36499.0	2024-12-01
Hee-Chan Hwang	262854.0	850000.0	216.0	22000000.0	14540000.0	29.0	177.0	South Korea	Wolves	2024-12	65.0	6.0	1.0	31.0	0.0	0.0	25.0	6.0	1.0	3.0	0.0	0.0	0.0	0.0	8.0	8.0	5.0	0.4	0.0	0.4	0.0	91.6	6.44	7.0	32.2	184.0	2024-12-01
Alexander Isak	299254.0	1400000.0	142.0	75000000.0	67900000.0	25.0	192.0	Sweden	Newcastle	2024-12	34217.0	2703.0	2066.0	26979.0	2111.0	1016.0	6383.0	504.0	973.0	82.0	6.0	6.0	0.0	0.0	21.0	8.0	7.0	1.143	0.286	3.286	0.429	76.214	8.38	16.0	83.286	23125.0	2024-12-01
Nicolas Jackson	426050.0	1600000.0	150.0	55000000.0	60806441.0	23.0	186.0	Senegal	Chelsea	2024-12	86827.0	12344.0	4201.0	79779.0	11460.0	3459.0	5535.0	621.0	576.0	127.0	16.0	11.0	0.0	0.0	10.0	8.0	6.0	0.333	0.0	3.0	0.5	77.867	6.873	10.0	69.0	80203.0	2024-12-01
Diogo Jota	235755.0	2500000.0	419.0	50000000.0	36600000.0	28.0	178.0	Portugal	Liverpool	2024-12	8740.0	1300.0	458.0	5277.0	1006.0	121.0	3057.0	236.0	271.0	78.0	3.0	2.0	0.0	0.0	18.0	7.0	5.0	0.4	0.0	1.0	0.6	82.8	6.734	13.0	20.8	14090.0	2024-12-01
Arnaud Kalimuendo	384005.0	267000.0	127.0	20000000.0	24583922.0	23.0	178.0	France	Rennes	2024-12	273.0	47.0	17.0	107.0	1.0	0.0	146.0	45.0	15.0	0.0	0.0	0.0	2.0	0.0	2.0	1.0	2.0	0.0	0.0	0.5	2.5	63.85	6.44	3.0	88.5	181.0	2024-12-01
Harry Kane	83532.0	17500000.0	1622.0	90000000.0	106441739.0	31.0	188.0	England	Bayern Munich	2024-12	83565.0	8677.0	7272.0	64945.0	6410.0	4551.0	13584.0	1423.0	1815.0	1166.0	153.0	266.0	1.0	0.0	5.0	1.0	1.0	0.0	0.0	4.0	1.0	72.4	7.71	3.0	87.0	103739.0	2024-12-01
Gabriel Jesus	279379.0	22500000.0	1363.0	45000000.0	42300000.0	28.0	175.0	Brazil	Arsenal	2024-12	22631.0	1798.0	2623.0	19641.0	1510.0	2132.0	1943.0	111.0	292.0	195.0	23.0	35.0	0.0	0.0	13.0	4.0	6.0	0.833	0.167	2.5	1.0	73.85	7.518	14.0	59.667	29183.0	2024-12-01
Moise Kean	328990.0	2600000.0	70.0	30000000.0	29670000.0	25.0	183.0	Italy	Fiorentina	2024-12	4111.0	669.0	262.0	2733.0	493.0	108.0	1123.0	133.0	113.0	55.0	2.0	11.0	0.0	0.0	4.0	5.0	4.0	0.5	0.25	2.5	2.25	57.65	7.082	4.0	76.0	2732.0	2024-12-01
Tim Kleindienst	129368.0	84000.0	301.0	12000000.0	11102021.0	29.0	194.0	Germany	Borussia M.Gladbach	2024-12	924.0	226.0	21.0	155.0	33.0	1.0	709.0	183.0	18.0	4.0	1.0	0.0	0.0	0.0	7.0	3.0	3.0	0.333	0.0	2.333	4.333	64.033	7.057	7.0	89.667	722.0	2024-12-01
Jørgen Strand Larsen	333048.0	82100.0	88.0	27000000.0	23360000.0	25.0	193.0	Norway	Wolves	2024-12	214.0	4.0	4.0	123.0	4.0	2.0	59.0	0.0	1.0	8.0	0.0	0.0	0.0	0.0	9.0	10.0	6.0	0.167	0.0	1.5	2.0	67.267	6.355	7.0	76.833	690.0	2024-12-01
Lorenzo Lucca	424819.0	93300.0	79.0	18000000.0	14820000.0	24.0	201.0	Italy	Udinese	2024-12	171.0	14.0	8.0	106.0	6.0	1.0	31.0	5.0	4.0	16.0	2.0	2.0	0.0	0.0	7.0	9.0	5.0	0.6	0.0	1.8	2.4	67.58	7.05	7.0	81.2	641.0	2024-12-01
Romelu Lukaku	78498.0	8300000.0	60.0	25000000.0	29074005.0	31.0	191.0	Belgium	Napoli	2024-12	2495.0	283.0	262.0	753.0	92.0	102.0	1544.0	164.0	127.0	19.0	2.0	4.0	0.0	0.0	7.0	3.0	5.0	0.2	0.0	2.4	1.0	72.0	6.494	12.0	84.0	10138.0	2024-12-01
Omar Marmoush	394749.0	3400000.0	219.0	60000000.0	16750000.0	26.0	183.0	Egypt	Manchester City	2024-12	24625.0	2669.0	356.0	21820.0	2228.0	221.0	1931.0	257.0	51.0	92.0	15.0	13.0	1.0	0.0	10.0	10.0	5.0	0.6	0.0	4.0	0.6	78.36	7.56	4.0	77.4	16146.0	2024-12-01
Lautaro Martínez	299344.0	11900000.0	899.0	100000000.0	69850000.0	27.0	174.0	Argentina	Inter	2024-12	16178.0	1231.0	1677.0	13077.0	830.0	1306.0	2264.0	272.0	249.0	104.0	10.0	23.0	0.0	0.0	14.0	2.0	5.0	0.2	0.0	2.4	0.6	78.74	6.78	12.0	76.8	42041.0	2024-12-01
Jean-Philippe Mateta	328096.0	180000.0	301.0	20000000.0	10340000.0	27.0	192.0	France	Crystal Palace	2024-12	2637.0	147.0	481.0	1121.0	61.0	249.0	1420.0	72.0	224.0	11.0	0.0	1.0	1.0	0.0	11.0	12.0	7.0	0.286	0.0	2.0	2.286	64.843	6.791	11.0	78.857	2777.0	2024-12-01
Kylian Mbappé	300713.0	124000000.0	1379.0	160000000.0	146100000.0	26.0	178.0	France	Real Madrid	2024-12	177748.0	25121.0	21328.0	158611.0	23021.0	18476.0	15441.0	1685.0	2256.0	305.0	21.0	28.0	1.0	0.0	13.0	6.0	5.0	0.8	0.2	4.0	0.0	88.32	7.498	12.0	77.0	178892.0	2024-12-01
Georges Mikautadze	389020.0	296000.0	174.0	18000000.0	16007123.0	24.0	176.0	Georgia	Lyon	2024-12	879.0	149.0	46.0	243.0	100.0	6.0	591.0	42.0	38.0	8.0	0.0	0.0	1.0	0.0	11.0	6.0	4.0	0.5	0.0	1.25	0.5	71.55	6.625	9.0	29.0	260.0	2024-12-01
Randal Kolo Muani	333542.0	984000.0	20.0	30000000.0	26920000.0	26.0	187.0	France	Juventus	2024-12	5266.0	132.0	165.0	3575.0	40.0	20.0	1511.0	79.0	132.0	14.0	1.0	0.0	0.0	0.0	0.0	0.0	1.0	0.0	0.0	3.0	2.0	50.0	6.5	1.0	28.0	3420.0	2024-12-01
Rodrigo Muniz	403649.0	379000.0	340.0	20000000.0	7171053.0	24.0	178.0	Brazil	Fulham	2024-12	326.0	12.0	20.0	51.0	7.0	7.0	215.0	4.0	8.0	11.0	0.0	1.0	0.0	0.0	11.0	8.0	7.0	0.286	0.0	0.857	2.429	56.543	6.609	11.0	32.143	404.0	2024-12-01
Eddie Nketiah	345845.0	653000.0	65.0	25000000.0	27470000.0	25.0	175.0	England	Crystal Palace	2024-12	3067.0	119.0	851.0	1924.0	35.0	759.0	973.0	36.0	60.0	31.0	1.0	8.0	2.0	0.0	11.0	12.0	6.0	0.167	0.167	0.667	0.5	50.7	6.223	10.0	17.667	3189.0	2024-12-01
Christopher Nkunku	300945.0	2700000.0	395.0	50000000.0	28930000.0	27.0	178.0	France	Chelsea	2024-12	33740.0	9390.0	1832.0	28193.0	8818.0	1388.0	4901.0	489.0	376.0	53.0	0.0	4.0	0.0	0.0	15.0	9.0	7.0	0.143	0.143	1.0	0.571	64.786	6.449	13.0	32.429	29102.0	2024-12-01
Darwin Núñez	400828.0	4500000.0	153.0	65000000.0	44990000.0	25.0	187.0	Uruguay	Liverpool	2024-12	27780.0	2721.0	4507.0	21370.0	1935.0	3561.0	4892.0	609.0	628.0	327.0	21.0	64.0	2.0	0.0	19.0	10.0	7.0	0.143	0.143	2.143	0.714	55.814	6.536	17.0	52.714	29834.0	2024-12-01
Loïs Openda	363618.0	254000.0	146.0	60000000.0	62740000.0	25.0	177.0	Belgium	RB Leipzig	2024-12	667.0	56.0	21.0	216.0	1.0	5.0	381.0	55.0	12.0	5.0	0.0	1.0	1.0	0.0	7.0	9.0	4.0	0.5	0.5	3.5	0.75	54.65	7.615	6.0	88.0	6278.0	2024-12-01
Victor Osimhen	298510.0	6100000.0	346.0	75000000.0	57100000.0	26.0	185.0	Nigeria	Galatasaray	2024-12	97370.0	15352.0	2607.0	88913.0	14020.0	1767.0	5757.0	889.0	601.0	58.0	2.0	9.0	1.0	0.0	14.0	8.0	4.0	0.75	0.25	4.0	1.5	44.7	7.682	10.0	66.5	68076.0	2024-12-01
Orri Óskarsson	428066.0	31500.0	57.0	20000000.0	19566955.0	20.0	186.0	Iceland	Real Sociedad	2024-12	426.0	25.0	13.0	88.0	4.0	0.0	318.0	20.0	11.0	1.0	0.0	1.0	0.0	0.0	3.0	2.0	3.0	0.0	0.0	0.667	1.667	52.233	6.203	4.0	27.333	657.0	2024-12-01
Mikel Oyarzabal	298839.0	271000.0	340.0	35000000.0	29429924.0	28.0	181.0	Spain	Real Sociedad	2024-12	925.0	44.0	98.0	234.0	6.0	5.0	648.0	32.0	89.0	3.0	1.0	1.0	2.0	0.0	8.0	2.0	5.0	0.8	0.0	2.0	1.6	68.84	7.192	10.0	73.6	578.0	2024-12-01
Vangelis Pavlidis	330514.0	149000.0	201.0	23000000.0	20550000.0	26.0	186.0	Greece	Benfica	2024-12	368.0	99.0	19.0	53.0	29.0	0.0	287.0	67.0	19.0	1.0	0.0	0.0	3.0	0.0	9.0	2.0	7.0	0.143	0.143	2.0	0.714	69.386	6.624	14.0	59.571	6819.0	2024-12-01
Ricardo Pepi	377466.0	112000.0	168.0	18000000.0	7510000.0	22.0	185.0	USA	PSV Eindhoven	2024-12	8614.0	1200.0	445.0	6352.0	803.0	181.0	2004.0	348.0	241.0	51.0	7.0	4.0	0.0	0.0	11.0	5.0	4.0	0.25	0.25	1.25	0.75	44.95	6.74	6.0	35.75	3429.0	2024-12-01
Andrea Pinamonti	317544.0	249000.0	800.0	16000000.0	11580000.0	25.0	188.0	Italy	Genoa	2024-12	1.0	0.0	0.0	0.0	0.0	0.0	1.0	0.0	0.0	0.0	0.0	0.0	0.0	0.0	5.0	3.0	5.0	0.4	0.0	2.4	2.6	60.04	6.79	8.0	78.0	2.0	2024-12-01
Joël Piroe	369542.0	77100.0	264.0	14000000.0	11750000.0	25.0	181.0	Netherlands	Leeds	2024-12	1012.0	135.0	70.0	376.0	56.0	9.0	569.0	63.0	53.0	9.0	1.0	4.0	0.0	0.0	13.0	2.0	6.0	0.333	0.5	2.167	0.333	74.517	7.202	16.0	62.167	887.0	2024-12-01
Gonçalo Ramos	395802.0	768000.0	147.0	50000000.0	33630000.0	23.0	185.0	Portugal	Paris Saint-Germain	2024-12	775.0	45.0	85.0	175.0	10.0	6.0	540.0	27.0	69.0	15.0	2.0	2.0	0.0	0.0	10.0	3.0	4.0	0.75	0.0	2.75	1.25	72.25	7.075	10.0	36.25	578.0	2024-12-01
Mateo Retegui	349521.0	354000.0	341.0	35000000.0	17560000.0	26.0	186.0	Italy	Atalanta	2024-12	3101.0	169.0	55.0	2000.0	36.0	9.0	944.0	116.0	37.0	5.0	1.0	0.0	0.0	0.0	10.0	6.0	5.0	0.0	0.0	1.2	0.2	70.76	6.07	12.0	30.2	3410.0	2024-12-01
Richarlison	317804.0	21700000.0	1309.0	30000000.0	25780000.0	27.0	184.0	Brazil	Tottenham	2024-12	20135.0	652.0	3709.0	16456.0	479.0	3124.0	2386.0	56.0	222.0	502.0	35.0	124.0	0.0	0.0	0.0	0.0	0.0	0.0	1.0	0.0	0.0	100.0	6.85	0.0	26.0	43400.0	2024-12-01
Vitor Roque	437157.0	3400000.0	510.0	20000000.0	30210000.0	20.0	174.0	Brazil	Palmeiras	2024-12	12947.0	2090.0	1258.0	11909.0	2016.0	1109.0	537.0	29.0	56.0	54.0	2.0	8.0	1.0	0.0	5.0	6.0	4.0	0.25	0.0	2.5	0.5	74.175	6.732	5.0	74.5	5966.0	2024-12-01
Georginio Rutter	362433.0	106000.0	157.0	32000000.0	37410000.0	23.0	182.0	France	Brighton	2024-12	1645.0	375.0	79.0	418.0	69.0	19.0	1125.0	297.0	50.0	22.0	1.0	0.0	0.0	0.0	7.0	11.0	6.0	0.0	0.0	0.833	0.167	80.483	6.255	4.0	47.167	2104.0	2024-12-01
Patrik Schick	243565.0	418000.0	450.0	22000000.0	13150000.0	29.0	191.0	Czech Republic	Bayer Leverkusen	2024-12	1567.0	107.0	110.0	442.0	31.0	27.0	1045.0	62.0	74.0	6.0	0.0	0.0	1.0	0.0	7.0	1.0	2.0	2.0	0.0	4.0	0.5	75.45	7.935	6.0	51.0	346.0	2024-12-01
Benjamin Sesko	424191.0	248000.0	104.0	50000000.0	59430000.0	21.0	195.0	Slovenia	RB Leipzig	2024-12	3565.0	148.0	67.0	2364.0	47.0	13.0	1048.0	85.0	46.0	9.0	2.0	0.0	0.0	0.0	7.0	9.0	4.0	0.75	0.0	2.0	1.75	73.225	7.245	6.0	75.75	5870.0	2024-12-01
Fábio Silva	380655.0	317000.0	167.0	18000000.0	12415544.0	22.0	185.0	Portugal	Las Palmas	2024-12	842.0	109.0	15.0	575.0	76.0	3.0	198.0	24.0	5.0	12.0	1.0	3.0	2.0	0.0	3.0	1.0	2.0	0.0	0.5	1.5	2.5	57.75	6.53	6.0	79.5	153.0	2024-12-01
Dominic Solanke	136459.0	1200000.0	342.0	45000000.0	57910000.0	27.0	187.0	England	Tottenham	2024-12	9424.0	803.0	1464.0	3673.0	365.0	345.0	5451.0	416.0	1065.0	55.0	1.0	2.0	0.0	0.0	18.0	18.0	8.0	0.5	0.25	2.125	1.5	73.55	7.106	8.0	81.625	12269.0	2024-12-01
Alexander Sørloth	302497.0	418000.0	390.0	25000000.0	29020037.0	29.0	195.0	Norway	Atletico Madrid	2024-12	990.0	182.0	30.0	303.0	91.0	3.0	609.0	77.0	24.0	9.0	0.0	0.0	0.0	0.0	10.0	5.0	4.0	0.5	0.0	1.25	1.5	69.55	6.9	12.0	26.5	5677.0	2024-12-01
Mathys Tel	422885.0	739000.0	108.0	30000000.0	33040000.0	20.0	183.0	France	Tottenham	2024-12	3262.0	132.0	774.0	2376.0	63.0	707.0	722.0	50.0	47.0	45.0	3.0	4.0	0.0	0.0	11.0	4.0	3.0	0.0	0.0	1.0	0.0	85.2	6.283	6.0	19.667	2305.0	2024-12-01
Marcus Thuram	296322.0	2200000.0	234.0	75000000.0	41830000.0	27.0	192.0	France	Inter	2024-12	4229.0	371.0	338.0	2579.0	132.0	166.0	1305.0	203.0	133.0	35.0	2.0	6.0	1.0	0.0	14.0	2.0	5.0	0.6	0.0	1.6	0.8	73.32	7.558	12.0	79.0	4194.0	2024-12-01
El Bilal Touré	391527.0	2500000.0	40.0	20000000.0	9480000.0	23.0	185.0	Mali	VfB Stuttgart	2024-12	227.0	7.0	6.0	117.0	1.0	1.0	83.0	5.0	5.0	1.0	0.0	0.0	0.0	0.0	0.0	0.0	0.0	0.0	0.0	1.0	2.667	67.233	6.303	0.0	63.333	979.0	2024-12-01
Konstantin Tyukavin	404327.0	28200.0	158.0	16000000.0	21797467.0	22.0	174.0	Russia	Dinamo Moscow	2024-12	4.0	0.0	0.0	0.0	0.0	0.0	4.0	0.0	0.0	0.0	0.0	0.0	0.0	0.0	5.0	2.0	2.0	1.0	0.5	3.5	0.5	74.0	7.545	4.0	87.0	9.0	2024-12-01
Stefanos Tzimas	519565.0	47200.0	54.0	10000000.0	1038794.0	19.0	186.0	Greece	Nuernberg	2024-12	222.0	26.0	2.0	175.0	23.0	1.0	35.0	3.0	1.0	2.0	0.0	0.0	0.0	0.0	5.0	7.0	4.0	0.5	0.25	2.5	0.25	71.075	7.045	4.0	82.5	117.0	2024-12-01
Deniz Undav	357091.0	286000.0	44.0	28000000.0	11760000.0	28.0	179.0	Germany	VfB Stuttgart	2024-12	592.0	167.0	16.0	289.0	151.0	1.0	251.0	12.0	14.0	9.0	0.0	1.0	0.0	0.0	0.0	0.0	0.0	0.0	0.0	1.0	0.5	66.1	6.1	0.0	73.0	2696.0	2024-12-01
Dusan Vlahovic	315369.0	2300000.0	95.0	60000000.0	56550000.0	25.0	190.0	Serbia	Juventus	2024-12	3945.0	337.0	307.0	1907.0	40.0	92.0	1836.0	261.0	184.0	17.0	0.0	4.0	2.0	0.0	10.0	7.0	5.0	0.4	0.2	2.6	2.4	69.36	6.902	9.0	86.4	4159.0	2024-12-01
Elye Wahi	407661.0	149000.0	70.0	25000000.0	44600000.0	22.0	184.0	France	Eintracht Frankfurt	2024-12	182.0	13.0	48.0	25.0	0.0	4.0	132.0	11.0	43.0	6.0	1.0	0.0	0.0	0.0	4.0	1.0	2.0	0.0	0.0	1.0	0.0	90.0	6.025	6.0	18.5	365.0	2024-12-01
Ollie Watkins	148503.0	946000.0	84.0	55000000.0	58490000.0	29.0	180.0	England	Aston Villa	2024-12	13664.0	1986.0	804.0	6965.0	1003.0	254.0	6151.0	896.0	459.0	130.0	9.0	16.0	0.0	0.0	12.0	14.0	8.0	0.25	0.375	2.5	0.875	69.975	6.762	13.0	48.5	18576.0	2024-12-01
Yoane Wissa	296240.0	200000.0	203.0	28000000.0	16060000.0	28.0	176.0	DR Congo	Brentford	2024-12	5746.0	581.0	629.0	3153.0	267.0	59.0	2385.0	278.0	558.0	17.0	2.0	3.0	1.0	0.0	7.0	12.0	6.0	0.333	0.0	2.333	0.667	77.317	6.477	4.0	84.0	2146.0	2024-12-01
Joshua Zirkzee	383956.0	1500000.0	96.0	42000000.0	41095718.0	23.0	193.0	Netherlands	Manchester United	2024-12	49625.0	11693.0	1763.0	41770.0	10843.0	979.0	7052.0	746.0	693.0	65.0	3.0	5.0	0.0	0.0	13.0	18.0	9.0	0.333	0.0	0.778	0.333	68.533	6.43	9.0	37.778	19370.0	2024-12-01
George Ilenikhena	470978.0	34100.0	73.0	15000000.0	22010000.0	18.0	185.0	France	Monaco	2024-12	405.0	22.0	25.0	84.0	14.0	7.0	294.0	5.0	13.0	1.0	0.0	0.0	0.0	0.0	5.0	9.0	5.0	0.0	0.0	1.2	0.2	45.0	6.058	4.0	28.2	166.0	2024-12-01
Manfred Ugalde	422782.0	67600.0	4.0	15000000.0	13070000.0	22.0	173.0	Costa Rica	Spartak Moscow	2024-12	748.0	38.0	1.0	669.0	29.0	0.0	41.0	1.0	1.0	1.0	0.0	0.0	1.0	0.0	6.0	0.0	2.0	1.5	0.0	4.5	2.5	71.05	8.455	6.0	86.5	11.0	2024-12-01
Boulaye Dia	365122.0	187000.0	58.0	15000000.0	5420000.0	28.0	180.0	Senegal	Lazio	2024-12	272.0	11.0	18.0	89.0	3.0	1.0	154.0	7.0	17.0	3.0	0.0	0.0	1.0	0.0	7.0	3.0	4.0	0.0	0.0	0.5	0.5	75.15	6.113	10.0	50.75	385.0	2024-12-01
Zeki Amdouni	424624.0	140000.0	84.0	15000000.0	11127612.0	24.0	185.0	Switzerland	Benfica	2024-12	803.0	244.0	8.0	272.0	228.0	0.0	501.0	12.0	8.0	2.0	0.0	0.0	1.0	0.0	9.0	2.0	7.0	0.429	0.143	1.714	1.0	80.729	6.78	14.0	34.857	335.0	2024-12-01
Josh Sargent	367480.0	96700.0	28.0	13000000.0	10467109.0	25.0	185.0	USA	Norwich	2024-12	994.0	51.0	220.0	279.0	22.0	110.0	667.0	27.0	99.0	10.0	1.0	1.0	0.0	0.0	0.0	0.0	0.0	0.4	0.4	1.4	0.6	88.02	6.934	0.0	88.2	1915.0	2024-12-01
Jonas Wind	353565.0	54100.0	158.0	13000000.0	12188112.0	26.0	190.0	Denmark	Wolfsburg	2024-12	260.0	9.0	6.0	25.0	2.0	2.0	224.0	6.0	3.0	5.0	0.0	0.0	0.0	0.0	7.0	9.0	3.0	1.0	0.0	1.667	1.333	76.133	7.177	3.0	60.0	254.0	2024-12-01
Ché Adams	256419.0	130000.0	79.0	15000000.0	7900000.0	28.0	175.0	Scotland	Torino	2024-12	581.0	31.0	63.0	247.0	7.0	11.0	270.0	19.0	37.0	15.0	3.0	3.0	0.0	0.0	3.0	5.0	5.0	0.4	0.2	1.8	0.4	52.56	6.694	5.0	60.6	1866.0	2024-12-01
Simon Banza	300483.0	167000.0	60.0	15000000.0	6010000.0	28.0	189.0	France	Trabzonspor	2024-12	62.0	7.0	6.0	16.0	4.0	0.0	22.0	1.0	6.0	3.0	0.0	0.0	0.0	0.0	6.0	6.0	3.0	0.667	0.333	4.0	2.333	67.767	7.227	4.0	90.0	106.0	2024-12-01
Tammy Abraham	317506.0	2600000.0	95.0	20000000.0	15327224.0	27.0	190.0	England	AC Milan	2024-12	4740.0	1026.0	226.0	3293.0	766.0	110.0	1299.0	236.0	81.0	37.0	2.0	11.0	0.0	0.0	5.0	4.0	5.0	0.2	0.0	1.6	1.0	83.56	6.52	8.0	47.4	4463.0	2024-12-01
Robert Lewandowski	29400.0	37700000.0	2271.0	15000000.0	23802154.0	36.0	185.0	Poland	Barcelona	2024-12	78715.0	20736.0	2244.0	70953.0	19316.0	1496.0	6380.0	1088.0	609.0	87.0	25.0	9.0	0.0	0.0	6.0	7.0	4.0	0.25	0.0	3.75	1.5	73.925	6.438	4.0	75.25	74534.0	2024-12-01
Semih Kiliçsoy	457171.0	1100000.0	65.0	15000000.0	13424133.0	19.0	178.0	Turkey	Besiktas	2024-12	545.0	174.0	38.0	332.0	126.0	3.0	130.0	6.0	30.0	10.0	1.0	2.0	0.0	0.0	5.0	6.0	5.0	0.0	0.0	1.8	1.4	67.84	6.466	5.0	72.0	210.0	2024-12-01
Cameron Archer	382363.0	97000.0	10.0	14000000.0	15640000.0	23.0	181.0	England	Southampton	2024-12	1528.0	30.0	547.0	335.0	11.0	49.0	1087.0	18.0	472.0	18.0	0.0	1.0	0.0	0.0	3.0	15.0	6.0	0.167	0.0	1.167	0.167	64.683	6.2	1.0	49.333	2413.0	2024-12-01
Kévin Denkey	332814.0	520000.0	118.0	14000000.0	9607592.0	24.0	181.0	France	FC Cincinnati	2024-12	1677.0	115.0	12.0	1344.0	104.0	6.0	268.0	6.0	3.0	19.0	2.0	3.0	1.0	0.0	3.0	4.0	3.0	1.0	0.0	4.667	2.667	69.0	6.997	2.0	87.333	164.0	2024-12-01
Nikola Krstović	404252.0	51000.0	425.0	6000000.0	7450000.0	25.0	185.0	Montenegro	Lecce	2024-12	514.0	320.0	22.0	363.0	311.0	2.0	127.0	6.0	18.0	0.0	0.0	0.0	1.0	0.0	5.0	10.0	5.0	0.4	0.2	3.2	1.2	64.94	6.752	4.0	73.6	59.0	2024-12-01
Adam Armstrong	136460.0	75000.0	360.0	16000000.0	10770000.0	28.0	172.0	England	West Bromwich Albion	2024-12	3408.0	154.0	790.0	1479.0	60.0	238.0	1782.0	83.0	520.0	40.0	2.0	4.0	1.0	0.0	2.0	14.0	6.0	0.0	0.167	1.0	0.167	85.517	6.17	1.0	77.0	1817.0	2024-12-01
Jhon Córdoba	136904.0	269000.0	242.0	14000000.0	7928253.0	31.0	188.0	Colombia	FC Krasnodar	2024-12	143.0	55.0	25.0	7.0	0.0	4.0	134.0	54.0	20.0	1.0	1.0	0.0	2.0	0.0	0.0	3.0	2.0	0.0	0.0	2.5	2.0	78.0	6.22	1.0	90.0	183.0	2024-12-01
Tolu Arokodare	402056.0	68600.0	264.0	9000000.0	2720000.0	24.0	197.0	Nigeria	Genk	2024-12	412.0	83.0	12.0	250.0	59.0	4.0	122.0	20.0	6.0	2.0	0.0	0.0	0.0	0.0	9.0	8.0	5.0	0.8	0.4	5.6	2.8	72.6	7.474	8.0	86.4	478.0	2024-12-01
Kasper Dolberg	322163.0	366000.0	251.0	13000000.0	8810000.0	27.0	187.0	Denmark	Anderlecht	2024-12	320.0	23.0	18.0	202.0	8.0	14.0	84.0	13.0	2.0	9.0	1.0	1.0	1.0	0.0	8.0	7.0	6.0	0.333	0.0	1.833	0.167	82.317	6.522	10.0	73.167	119.0	2024-12-01
Enes Ünal	134695.0	241000.0	450.0	13000000.0	9080000.0	27.0	187.0	Turkey	Bournemouth	2024-12	417.0	3.0	71.0	109.0	3.0	4.0	270.0	0.0	61.0	12.0	0.0	2.0	1.0	0.0	9.0	4.0	6.0	0.333	0.0	1.5	1.833	61.6	6.467	12.0	23.333	150.0	2024-12-01
Álvaro Morata	91213.0	23100000.0	1566.0	13000000.0	16297544.0	32.0	190.0	Spain	Galatasaray	2024-12	7480.0	663.0	4113.0	5433.0	381.0	3858.0	1830.0	247.0	222.0	23.0	1.0	4.0	1.0	0.0	4.0	4.0	4.0	0.25	0.0	1.5	1.0	75.875	6.485	5.0	59.5	7840.0	2024-12-01
Luciano Gondou	410663.0	46500.0	112.0	12000000.0	9580000.0	23.0	189.0	Argentina	Zenit St. Petersburg	2024-12	1.0	0.0	0.0	1.0	0.0	0.0	0.0	0.0	0.0	0.0	0.0	0.0	1.0	0.0	3.0	5.0	2.0	0.0	0.0	3.5	2.0	74.15	6.27	0.0	45.0	1.0	2024-12-01
Matthis Abline	414249.0	31400.0	51.0	9000000.0	10726738.0	22.0	176.0	France	Nantes	2024-12	145.0	6.0	42.0	16.0	0.0	0.0	113.0	6.0	41.0	2.0	0.0	0.0	0.0	0.0	2.0	4.0	2.0	0.0	0.0	4.5	2.0	91.3	6.26	3.0	90.0	49.0	2024-12-01
Tiago Tomás	395850.0	108000.0	939.0	9000000.0	12407631.0	22.0	180.0	Portugal	Wolfsburg	2024-12	149.0	15.0	3.0	31.0	6.0	0.0	101.0	9.0	3.0	5.0	0.0	0.0	1.0	0.0	7.0	9.0	3.0	0.333	0.0	1.0	0.0	65.567	6.6	3.0	57.333	170.0	2024-12-01
Thijs Dallinga	379687.0	37100.0	82.0	12000000.0	15342841.0	24.0	180.0	Netherlands	Bologna	2024-12	81.0	4.0	6.0	2.0	1.0	0.0	72.0	3.0	6.0	2.0	0.0	0.0	0.0	0.0	7.0	5.0	5.0	0.2	0.0	0.8	0.8	60.3	6.344	8.0	24.4	107.0	2024-12-01
Kyogo Furuhashi	421333.0	294000.0	534.0	14000000.0	1100000.0	30.0	170.0	Japan	Rennes	2024-12	992.0	173.0	114.0	181.0	100.0	0.0	721.0	61.0	108.0	9.0	3.0	0.0	0.0	0.0	12.0	0.0	6.0	0.5	0.0	1.833	0.0	73.617	6.63	14.0	57.5	1183.0	2024-12-01
Arthur Cabral	355666.0	366000.0	202.0	12000000.0	11340000.0	27.0	186.0	Brazil	Benfica	2024-12	885.0	24.0	55.0	558.0	7.0	30.0	285.0	13.0	20.0	1.0	0.0	0.0	1.0	0.0	4.0	2.0	5.0	0.0	0.0	0.6	0.8	59.8	6.104	8.0	20.2	69.0	2024-12-01
Patson Daka	345560.0	305000.0	320.0	12000000.0	10720000.0	26.0	183.0	Zambia	Leicester	2024-12	2076.0	651.0	123.0	1013.0	411.0	76.0	937.0	225.0	32.0	10.0	0.0	2.0	0.0	0.0	6.0	12.0	5.0	0.2	0.0	0.2	0.8	40.56	6.358	4.0	33.2	703.0	2024-12-01
Gorka Guruzeta	362602.0	51800.0	347.0	15000000.0	7420000.0	28.0	188.0	Spain	Athletic Club	2024-12	805.0	176.0	85.0	65.0	4.0	2.0	709.0	171.0	77.0	0.0	0.0	0.0	2.0	0.0	11.0	4.0	6.0	0.333	0.167	1.833	1.333	72.383	6.717	16.0	56.333	33.0	2024-12-01
Breel Embolo	143695.0	426000.0	100.0	12000000.0	10236045.0	28.0	187.0	Switzerland	Monaco	2024-12	259.0	13.0	27.0	24.0	1.0	6.0	224.0	11.0	20.0	1.0	0.0	0.0	1.0	0.0	5.0	9.0	5.0	0.4	0.0	1.4	1.2	79.76	6.584	4.0	48.6	704.0	2024-12-01
Niclas Füllkrug	104058.0	774000.0	287.0	15000000.0	14746265.0	32.0	189.0	Germany	West Ham	2024-12	1931.0	253.0	147.0	500.0	14.0	5.0	1350.0	236.0	131.0	7.0	0.0	1.0	0.0	0.0	4.0	10.0	5.0	0.2	0.2	0.8	1.8	60.34	6.398	5.0	43.0	1357.0	2024-12-01
Cristiano Ronaldo	5583.0	654000000.0	3887.0	12000000.0	7354062.0	40.0	187.0	Portugal	Al Nassr FC	2024-12	620442.0	137678.0	55910.0	593224.0	132124.0	53570.0	14773.0	2351.0	1013.0	989.0	151.0	202.0	0.0	0.0	0.0	0.0	0.0	2.0	1.0	5.0	0.0	82.1	8.96	0.0	90.0	528842.0	2024-12-01
Vladyslav Vanat	410504.0	18800.0	8.0	11000000.0	8587432.0	23.0	182.0	Ukraine	Dynamo Kyiv	2024-12	5.0	0.0	0.0	1.0	0.0	0.0	4.0	0.0	0.0	0.0	0.0	0.0	0.0	0.0	0.0	3.0	1.0	0.0	0.0	0.0	1.0	100.0	6.14	0.0	28.0	35.0	2024-12-01
Mateo Cassierra	322162.0	60300.0	39.0	11000000.0	5580000.0	28.0	184.0	Colombia	Zenit St. Petersburg	2024-12	6.0	0.0	0.0	3.0	0.0	0.0	2.0	0.0	0.0	0.0	0.0	0.0	0.0	0.0	3.0	5.0	2.0	0.0	0.0	4.5	1.5	88.25	6.655	0.0	90.0	7.0	2024-12-01
Francesco Camarda	510527.0	458000.0	76.0	10000000.0	10280460.0	17.0	184.0	Italy	AC Milan	2024-12	2098.0	62.0	26.0	1807.0	39.0	1.0	249.0	17.0	23.0	10.0	2.0	0.0	0.0	0.0	3.0	2.0	3.0	0.0	0.0	0.667	0.667	33.333	6.237	5.0	13.0	3244.0	2024-12-01
Gift Orban	472995.0	846000.0	108.0	10000000.0	11550000.0	22.0	178.0	Nigeria	Hoffenheim	2024-12	557.0	15.0	23.0	304.0	11.0	11.0	190.0	3.0	8.0	14.0	1.0	1.0	0.0	0.0	0.0	0.0	0.0	0.0	0.0	1.0	0.0	70.6	5.97	0.0	62.0	385.0	2024-12-01
Matías Fernández-Pardo	475462.0	9434.0	15.0	10000000.0	13322259.0	20.0	185.0	Brussel	Lille	2024-12	294.0	34.0	19.0	57.0	4.0	0.0	230.0	29.0	18.0	1.0	0.0	0.0	1.0	0.0	9.0	6.0	4.0	0.0	0.0	0.25	0.25	82.0	6.61	8.0	59.75	14.0	2024-12-01
Isaac Romero	492362.0	62400.0	217.0	15000000.0	7809841.0	24.0	184.0	Spain	Sevilla	2024-12	105.0	16.0	6.0	26.0	1.0	0.0	53.0	0.0	6.0	0.0	0.0	0.0	0.0	0.0	6.0	9.0	3.0	0.667	0.0	2.0	0.0	80.967	6.883	1.0	84.333	76.0	2024-12-01
Thomas Cannon	463991.0	34400.0	35.0	6000000.0	5058708.0	22.0	180.0	Ireland	Sheffield United	2024-12	55.0	3.0	3.0	16.0	1.0	1.0	28.0	2.0	1.0	4.0	0.0	1.0	2.0	0.0	5.0	10.0	6.0	0.333	0.0	1.5	4.167	56.667	6.745	4.0	90.0	80.0	2024-12-01
Hugo Duro	354526.0	125000.0	260.0	12000000.0	12605561.0	25.0	177.0	Spain	Valencia	2024-12	757.0	303.0	71.0	561.0	289.0	7.0	157.0	7.0	57.0	6.0	0.0	2.0	0.0	0.0	2.0	4.0	3.0	0.0	0.0	2.0	3.333	66.667	6.377	1.0	90.0	120.0	2024-12-01
Youssoufa Moukoko	406701.0	1900000.0	43.0	18000000.0	13720000.0	20.0	179.0	Germany	Nice	2024-12	214.0	50.0	23.0	136.0	47.0	20.0	51.0	2.0	2.0	2.0	1.0	0.0	0.0	0.0	3.0	3.0	2.0	0.0	0.0	0.0	0.0	96.45	6.195	3.0	33.0	258.0	2024-12-01
Josh Maja	325156.0	60800.0	32.0	7000000.0	1470000.0	26.0	181.0	Nigeria	West Bromwich Albion	2024-12	807.0	107.0	74.0	385.0	68.0	12.0	361.0	29.0	51.0	4.0	1.0	0.0	0.0	0.0	9.0	7.0	6.0	0.0	0.167	1.0	1.167	60.933	6.59	8.0	74.833	881.0	2024-12-01
Ayoze Pérez	135366.0	248000.0	758.0	10000000.0	8120000.0	31.0	178.0	Spain	Villarreal	2024-12	950.0	106.0	38.0	367.0	48.0	9.0	477.0	51.0	18.0	14.0	0.0	4.0	0.0	0.0	2.0	5.0	3.0	0.333	0.0	2.0	0.0	72.2	6.67	1.0	72.667	682.0	2024-12-01
Neal Maupay	119822.0	202000.0	245.0	12000000.0	7170000.0	28.0	173.0	France	Marseille	2024-12	967.0	33.0	42.0	672.0	7.0	18.0	253.0	20.0	18.0	5.0	0.0	2.0	0.0	0.0	5.0	2.0	3.0	0.0	0.667	0.667	0.333	87.2	6.89	7.0	77.0	610.0	2024-12-01
Chris Wood	73380.0	144000.0	145.0	7000000.0	4651884.0	33.0	191.0	New Zealand	Nottingham Forest	2024-12	29904.0	6447.0	2387.0	23459.0	5684.0	1488.0	4025.0	350.0	623.0	609.0	113.0	109.0	0.0	0.0	10.0	6.0	6.0	0.333	0.167	2.0	2.667	59.883	6.877	15.0	80.667	30915.0	2024-12-01
Jay Stansfield	390214.0	40600.0	34.0	9000000.0	9061151.0	22.0	187.0	England	Birmingham	2024-12	988.0	309.0	41.0	715.0	281.0	19.0	223.0	18.0	16.0	3.0	0.0	1.0	1.0	0.0	9.0	1.0	6.0	0.833	0.0	3.167	0.167	58.2	6.993	16.0	78.167	503.0	2024-12-01
Troy Parrott	384064.0	125000.0	100.0	7500000.0	4915752.0	23.0	185.0	Ireland	AZ Alkmaar	2024-12	345.0	23.0	36.0	96.0	13.0	5.0	226.0	9.0	25.0	6.0	0.0	1.0	0.0	0.0	8.0	4.0	5.0	0.6	0.0	1.6	1.4	71.28	7.158	13.0	71.0	2204.0	2024-12-01
Wilson Isidor	363535.0	43800.0	122.0	4000000.0	900000.0	24.0	186.0	France	Sunderland	2024-12	720.0	43.0	87.0	339.0	11.0	20.0	325.0	25.0	62.0	3.0	0.0	0.0	2.0	0.0	10.0	8.0	6.0	0.167	0.0	2.333	1.0	62.5	6.557	11.0	87.167	2423.0	2024-12-01
Borja Mayoral	278721.0	912000.0	780.0	9000000.0	13163551.0	28.0	182.0	Spain	Getafe	2024-12	126.0	4.0	26.0	15.0	2.0	4.0	28.0	3.0	11.0	3.0	1.0	0.0	0.0	0.0	0.0	0.0	0.0	0.0	0.0	0.0	1.0	72.7	6.15	0.0	45.0	44.0	2024-12-01
Fedor Chalov	298702.0	116000.0	139.0	9000000.0	9049345.0	27.0	180.0	Russia	PAOK Thessaloniki FC	2024-12	31.0	0.0	0.0	7.0	0.0	0.0	11.0	0.0	0.0	2.0	0.0	0.0	0.0	0.0	5.0	0.0	1.0	1.0	0.0	2.0	1.0	71.4	7.27	3.0	28.0	15.0	2024-12-01
Haji Wright	338274.0	48700.0	64.0	8500000.0	6733419.0	27.0	193.0	USA	Coventry	2024-12	985.0	80.0	91.0	482.0	41.0	44.0	541.0	46.0	51.0	14.0	2.0	3.0	0.0	0.0	0.0	0.0	0.0	0.667	0.333	3.0	2.0	64.467	7.69	0.0	88.0	1972.0	2024-12-01
Charalampos Kostoulas	533923.0	55200.0	39.0	3000000.0	2285804.0	17.0	185.0	Greece	Olympiacos	2024-12	117.0	50.0	0.0	104.0	50.0	0.0	110.0	50.0	0.0	0.0	0.0	0.0	0.0	0.0	0.0	0.0	1.0	0.0	0.0	1.0	3.0	60.0	7.41	1.0	82.0	44.0	2024-12-01
Ayase Ueda	377288.0	281000.0	156.0	8000000.0	8320000.0	26.0	182.0	Japan	Feyenoord	2024-12	137.0	6.0	8.0	22.0	6.0	1.0	29.0	6.0	1.0	1.0	0.0	0.0	0.0	0.0	0.0	0.0	0.0	0.6	0.0	1.4	1.4	70.54	6.882	0.0	68.6	693.0	2024-12-01
Ante Crnac	499034.0	43000.0	11.0	8000000.0	7550000.0	21.0	189.0	Croatia	Norwich	2024-12	716.0	122.0	91.0	340.0	89.0	34.0	363.0	91.0	38.0	0.0	0.0	0.0	1.0	0.0	5.0	9.0	6.0	0.0	0.167	0.5	1.833	64.85	6.485	5.0	79.5	245.0	2024-12-01
Franjo Ivanovic	499993.0	24600.0	57.0	4000000.0	3090000.0	21.0	185.0	Austria	Union St.Gilloise	2024-12	73.0	59.0	3.0	58.0	58.0	0.0	61.0	59.0	1.0	1.0	0.0	0.0	1.0	0.0	12.0	6.0	6.0	1.0	0.167	3.833	1.333	81.45	7.528	14.0	67.167	28.0	2024-12-01
Anastasios Douvikas	422873.0	21800.0	165.0	5000000.0	7660000.0	25.0	186.0	Greece	Como	2024-12	124.0	4.0	1.0	13.0	0.0	0.0	15.0	0.0	0.0	0.0	0.0	0.0	0.0	0.0	4.0	0.0	2.0	0.0	0.5	0.5	0.5	25.0	6.18	6.0	13.0	126.0	2024-12-01
Roberto Piccoli	369414.0	55200.0	137.0	6000000.0	5356672.0	24.0	187.0	Italy	Cagliari	2024-12	339.0	21.0	54.0	30.0	2.0	2.0	33.0	3.0	2.0	1.0	1.0	0.0	0.0	0.0	1.0	7.0	4.0	0.0	0.0	1.75	3.25	55.325	6.102	0.0	84.0	26.0	2024-12-01
Ben Brereton Díaz	332839.0	1100000.0	408.0	8000000.0	56710000.0	26.0	185.0	Chile	Sheffield United	2024-12	181.0	15.0	20.0	51.0	3.0	4.0	79.0	6.0	7.0	17.0	2.0	2.0	1.0	0.0	2.0	8.0	3.0	0.0	0.0	0.333	0.333	85.0	5.947	0.0	15.0	173.0	2024-12-01
M'Bala Nzola	343368.0	44900.0	93.0	8000000.0	6839361.0	28.0	185.0	Angola	Lens	2024-12	68.0	12.0	8.0	2.0	0.0	0.0	7.0	0.0	0.0	0.0	0.0	0.0	0.0	0.0	4.0	2.0	2.0	0.5	0.5	2.5	1.5	79.2	6.985	4.0	75.5	11.0	2024-12-01
Elijah Adebayo	362145.0	29300.0	29.0	10000000.0	5004875.0	27.0	193.0	England	Luton	2024-12	194.0	18.0	12.0	44.0	7.0	5.0	64.0	10.0	6.0	5.0	0.0	0.0	0.0	0.0	6.0	8.0	6.0	0.333	0.0	2.333	2.0	73.9	6.808	7.0	83.5	2716.0	2024-12-01
Giovanni Simeone	133839.0	745000.0	748.0	10000000.0	6699152.0	29.0	180.0	Argentina	Napoli	2024-12	385.0	22.0	58.0	152.0	7.0	1.0	166.0	7.0	3.0	2.0	0.0	1.0	0.0	0.0	6.0	3.0	4.0	0.0	0.25	0.75	0.25	75.0	6.162	9.0	7.75	117.0	2024-12-01
Paul Onuachu	122182.0	149000.0	67.0	11000000.0	2910000.0	30.0	201.0	Nigeria	Southampton	2024-12	5564.0	565.0	555.0	4803.0	476.0	467.0	4952.0	492.0	480.0	20.0	1.0	4.0	0.0	0.0	2.0	5.0	4.0	0.0	0.0	2.5	4.5	81.0	6.402	1.0	43.25	331.0	2024-12-01
Vedat Muriqi	254352.0	364000.0	328.0	8000000.0	8740556.0	31.0	194.0	Kosovo	Mallorca	2024-12	461.0	66.0	35.0	83.0	19.0	6.0	96.0	19.0	7.0	3.0	0.0	0.0	0.0	1.0	3.0	8.0	3.0	0.333	0.333	0.333	2.333	63.8	6.31	3.0	47.667	222.0	2024-12-01
Carlton Morris	263188.0	24400.0	73.0	8000000.0	6074082.0	29.0	185.0	England	Luton	2024-12	355.0	61.0	60.0	137.0	4.0	38.0	157.0	6.0	42.0	6.0	0.0	1.0	1.0	0.0	6.0	8.0	6.0	0.5	0.0	2.167	4.667	68.617	7.1	7.0	89.333	634.0	2024-12-01
Chuba Akpom	122294.0	453000.0	153.0	8000000.0	6350000.0	29.0	183.0	England	Lille	2024-12	156.0	11.0	12.0	34.0	3.0	3.0	71.0	9.0	7.0	14.0	4.0	2.0	0.0	0.0	11.0	8.0	6.0	0.0	0.0	1.0	0.833	85.0	6.243	10.0	51.667	340.0	2024-12-01
Alexandre Lacazette	73078.0	5304.0	1053.0	8000000.0	4870000.0	33.0	175.0	France	Lyon	2024-12	1661.0	163.0	48.0	1044.0	120.0	2.0	1096.0	126.0	4.0	7.0	1.0	0.0	2.0	0.0	11.0	6.0	4.0	0.75	0.0	3.0	0.5	83.375	7.355	9.0	61.0	279.0	2024-12-01
Ferran Jutglà	396158.0	230000.0	367.0	5000000.0	3930000.0	26.0	176.0	Spain	Club Brugge	2024-12	262.0	26.0	38.0	46.0	5.0	0.0	57.0	5.0	0.0	7.0	0.0	0.0	1.0	0.0	10.0	7.0	4.0	0.0	0.0	0.75	0.25	66.65	6.328	10.0	29.25	293.0	2024-12-01
Benedict Hollerbach	485184.0	10600.0	25.0	6000000.0	2130000.0	23.0	181.0	Germany	Union Berlin	2024-12	72.0	17.0	0.0	8.0	0.0	0.0	19.0	1.0	0.0	6.0	0.0	0.0	1.0	0.0	3.0	9.0	3.0	0.333	0.0	3.0	0.667	73.333	6.5	0.0	90.0	195.0	2024-12-01
Marvin Ducksch	115509.0	65300.0	192.0	9000000.0	7649078.0	31.0	188.0	Germany	Werder Bremen	2024-12	59.0	5.0	1.0	16.0	2.0	1.0	23.0	2.0	1.0	6.0	0.0	0.0	0.0	0.0	7.0	1.0	3.0	0.333	0.667	1.667	0.667	62.1	7.43	9.0	85.333	291.0	2024-12-01
Max Moerstedt	517609.0	113000.0	21.0	4000000.0	4614423.0	19.0	194.0	Germany	Hoffenheim	2024-12	24.0	2.0	1.0	8.0	2.0	1.0	11.0	2.0	1.0	3.0	0.0	0.0	1.0	0.0	2.0	4.0	4.0	0.0	0.0	1.25	1.75	63.55	6.232	3.0	39.0	19.0	2024-12-01
Oumar Diakité	454324.0	229000.0	15.0	9000000.0	16366809.0	21.0	182.0	Ivory Coast	Reims	2024-12	223.0	32.0	3.0	34.0	0.0	0.0	58.0	0.0	1.0	0.0	0.0	0.0	0.0	0.0	0.0	0.0	2.0	0.0	0.0	2.0	3.5	79.0	7.055	2.0	79.0	148.0	2024-12-01
Lucas Stassin	459707.0	37900.0	24.0	5000000.0	9267241.0	20.0	171.0	Belgium	Saint-Etienne	2024-12	29.0	4.0	0.0	5.0	0.0	0.0	5.0	0.0	0.0	0.0	0.0	0.0	1.0	0.0	1.0	4.0	2.0	0.5	0.0	1.0	0.0	84.2	6.405	0.0	71.0	100.0	2024-12-01
William Osula	416209.0	200000.0	85.0	7000000.0	9453935.0	21.0	180.0	Denmark	Newcastle	2024-12	201.0	4.0	15.0	85.0	0.0	2.0	98.0	1.0	3.0	6.0	0.0	1.0	0.0	0.0	10.0	1.0	3.0	0.0	0.0	0.333	0.333	58.333	6.0	9.0	10.333	302.0	2024-12-01
Mirlind Daku	383204.0	77400.0	75.0	7000000.0	1030000.0	27.0	192.0	Albania	Rubin Kazan	2024-12	26.0	5.0	2.0	9.0	3.0	0.0	11.0	3.0	1.0	0.0	0.0	0.0	0.0	0.0	3.0	2.0	1.0	0.0	1.0	1.0	2.0	75.0	7.16	3.0	90.0	21.0	2024-12-01
Lyle Foster	371447.0	25700.0	10.0	9000000.0	9020000.0	24.0	185.0	South Africa	Burnley	2024-12	286.0	21.0	25.0	97.0	6.0	4.0	117.0	8.0	6.0	3.0	0.0	1.0	0.0	0.0	2.0	0.0	2.0	0.0	0.0	0.0	0.5	16.65	6.055	4.0	2.5	2496.0	2024-12-01
Casper Tengstedt	426271.0	68200.0	42.0	7000000.0	5220000.0	24.0	184.0	Denmark	Verona	2024-12	36.0	2.0	2.0	0.0	0.0	0.0	4.0	0.0	1.0	1.0	0.0	0.0	0.0	0.0	4.0	7.0	3.0	0.667	0.333	0.667	1.0	72.5	7.253	3.0	53.333	48.0	2024-12-01
Ragnar Ache	335756.0	48800.0	117.0	5000000.0	1750000.0	26.0	183.0	Netherlands	Kaiserslautern	2024-12	31.0	7.0	0.0	13.0	3.0	0.0	20.0	5.0	0.0	4.0	1.0	0.0	0.0	0.0	0.0	0.0	0.0	0.75	0.25	5.25	2.5	76.775	7.675	0.0	72.75	46.0	2024-12-01
Myron Boadu	357081.0	99800.0	219.0	5000000.0	7720000.0	24.0	183.0	Netherlands	Bochum	2024-12	45.0	3.0	2.0	20.0	0.0	0.0	25.0	0.0	0.0	0.0	0.0	0.0	0.0	0.0	0.0	0.0	0.0	1.0	0.0	4.0	0.0	87.5	6.85	0.0	88.0	66.0	2024-12-01
Krzysztof Piatek	339504.0	872000.0	468.0	6500000.0	5333749.0	29.0	183.0	Poland	Istanbul Basaksehir	2024-12	101.0	9.0	18.0	9.0	4.0	0.0	13.0	5.0	0.0	2.0	0.0	0.0	0.0	0.0	6.0	5.0	3.0	1.333	0.0	6.333	3.333	66.633	7.813	4.0	89.667	50.0	2024-12-01
Patrick Cutrone	329681.0	652000.0	733.0	7000000.0	5320000.0	27.0	183.0	Italy	Como	2024-12	35.0	0.0	6.0	10.0	0.0	1.0	13.0	0.0	1.0	0.0	0.0	0.0	0.0	0.0	6.0	4.0	4.0	0.25	0.5	1.5	0.5	61.025	6.91	7.0	37.0	107.0	2024-12-01
Danny Ings	91762.0	715000.0	228.0	7000000.0	2515033.0	32.0	178.0	England	West Ham	2024-12	1849.0	109.0	443.0	758.0	68.0	158.0	899.0	82.0	189.0	58.0	7.0	14.0	0.0	0.0	3.0	4.0	2.0	0.0	0.0	1.0	1.5	64.9	6.165	3.0	31.5	2859.0	2024-12-01
